"id","domain","theme"
"4028807d16245e4d01162524d4216aef","3. SÉCURITÉ","CSE / CHSCT"
"d37394c53120b52601313c3107f77043","3. SÉCURITÉ","Remontées mécaniques - Transports guidés/personnes"
"4028807d16245e4d01162524d6f26b13","4. INSPECTION","Equipements sous pression"
"d37394c5208c61e80120f1fb613810d9","8. SECURITE ALIMENTAIRE","Sécurité alimentaire"
"4028807d16245e4d01162524cd016a95","3. SÉCURITÉ","Personnel"
"4028807d16245e4d01162524cc546a8c","3. SÉCURITÉ","Locaux"
"4028807d16245e4d01162524ce806aa7","3. SÉCURITÉ","Equipements de travail, Machines, outils"
"4028807d16245e4d01162524cbab6a83","3. SÉCURITÉ","Principes Généraux Sécurité"
"4028807d16245e4d01162524cdc16a9e","3. SÉCURITÉ","Incendie/Explosion"
"4028807d16245e4d01162524cfda6ab9","3. SÉCURITÉ","Risques biologiques"
"4028807d16245e4d01162524d1416acb","3. SÉCURITÉ","Entreprises extérieures"
"4028807d16245e4d01162524d2c46add","3. SÉCURITÉ","Service de santé au travail"
"4028807d16245e4d01162524d4d36af8","3. SÉCURITÉ","Appareils de levage"
"4028807d16245e4d01162524d5946b01","3. SÉCURITÉ","Installations électriques"
"d37394c522a42328012338c87f4c2c22","3. SÉCURITÉ","Amiante"
"d37394c522a42328012338c8c7d32c28","3. SÉCURITÉ","Rayonnements non ionisants"
"d37394c522a42328012338c907e42c2e","3. SÉCURITÉ","Radioprotection"
"d37394c522a42328012338c96bac2c34","3. SÉCURITÉ","Bruit et vibrations mécaniques"
"d37394c522a42328012338c9b9af2c3a","3. SÉCURITÉ","Equipements de protection individuelle"
"d37394c522a42328012338c9f3d72c40","3. SÉCURITÉ","ERP - IGH"
"2c90f58951ea3d5101521fc686436f02","6. ENERGIE","Approvisionnement / Raccordement"
"d37394453d863f29013daaf2faf0518e","6. ENERGIE","RT des bâtiments"
"d37394453d863f29013daaf371e951b9","6. ENERGIE","Mécanismes économiques"
"d37394453d863f29013daaf3cf6451fe","6. ENERGIE","ENR - Cogénération"
"d37394453d863f29013daaf338a251a6","6. ENERGIE","Equipements énergétiques"
"d37394c522a42328012338c619a32c1c","6. ENERGIE","Dispositions générales"
"d37394d91d01347d011d633ba1ce6608","5. TRANSPORT DE MARCHANDISES DANGEREUSES ET AUTRES","Transport MD"
"4028807d16245e4d01162524c5ba6a3b","1. ENVIRONNEMENT","Eau"
"4028807d16245e4d01162524c7d96a56","1. ENVIRONNEMENT","Principes Généraux Environnement"
"4028807d16245e4d01162524c4c46a32","1. ENVIRONNEMENT","Pollution atmosphérique"
"4028807d16245e4d01162524c6706a44","1. ENVIRONNEMENT","Bruit et vibrations"
"4028807d16245e4d01162524c8846a5f","1. ENVIRONNEMENT","Risques technologiques"
"4028807d16245e4d01162524c92d6a68","1. ENVIRONNEMENT","Nature et biodiversité"
"4028807d16245e4d01162524c9ec6a71","1. ENVIRONNEMENT","Installations classées"
"d37394c522a42328012338c3d2842c04","1. ENVIRONNEMENT","Combustion"
"d37394c522a42328012338c482ba2c10","1. ENVIRONNEMENT","Sites et sols pollués"
"4028807d16245e4d01162524d8566b25","1. ENVIRONNEMENT","OGM"
"4028807d16245e4d01162524d7ad6b1c","1. ENVIRONNEMENT","Taxes"
"d373944536c784aa0136e8c822392683","2. PRODUITS CHIMIQUES","Produits explosifs"
"4028807d16245e4d01162524cb036a7a","2. PRODUITS CHIMIQUES","Risques chimiques / Substances particulières"
"2c90f588422a462a014232c34f995161","3. SÉCURITÉ","Sécurité routière"
"2c90f588558d4ff9015590e55bbc7031","1. ENVIRONNEMENT","Sous-sol, mines et carrières"
"ff80818167b26ea801680f0eaad46854","7. SÛRETÉ","Sûreté : Dispositions générales"
"ff80818167b26ea801680f0ffa6b69e0","7. SÛRETÉ","Accès (systèmes de contrôle ...)"
"ff80818167b26ea801680f1076556a3d","7. SÛRETÉ","Vidéosurveillance / Télésurveillance"
"ff80818167b26ea801680f10c83a6ac6","7. SÛRETÉ","Etablissements sensibles"
"ff80818167b26ea801680f1159662343","7. SÛRETÉ","Surveillance et gardiennage"
"ff80818167b26ea801680f11eb7e3160","7. SÛRETÉ","Sûreté portuaire"
"ff8081816b4d71ef016b54dc08db3a27","5. TRANSPORT DE MARCHANDISES DANGEREUSES ET AUTRES","Voies ferrées"
"ff8081816b4d71ef016b54dd71e53d99","1. ENVIRONNEMENT","Canalisations de transport"
"ff8081816b4d71ef016b54e01560411b","1. ENVIRONNEMENT","Risques naturels"
"ff8081816b4d71ef016b54e0b788416d","1. ENVIRONNEMENT","Travaux à proximité des réseaux / Guichet unique"
"4028807d16245e4d01162524c71b6a4d","1. ENVIRONNEMENT","Déchets"
